{
	"cameras" : [
		{
			"id": -1,
			"f": 1.7405094466314808,
			"principalPoint" : {
				"x": -0.02794857357530159,
				"y": -0.007441518010043201
			},
			"distortion": {
				"k1": 0.3679096326904553,
				"k2": 0.13333591170756305,
				"k3": 0.0,
				"p1": 0.0,
				"p2": 0.0
			},
			"position": {
				"x": -1.65547,
				"y": -1.94693,
				"z": 2.460
			},
			"rotation": {
				"x": -120.0,
				"y": 0.0,
				"z": -45.0
			}
		},
		{
			"id": -2,
			"f": 1.7877822234943972,
			"principalPoint" : {
				"x": 0.0073734438844390675,
				"y": 0.023218987514471014
			},
			"distortion": {
				"k1": 0.35752571829607774,
				"k2": 0.11114826361135587,
				"k3": 0.0,
				"p1": 0.0,
				"p2": 0.0
			},
			"position": {
				"x": 1.65547,
				"y": -1.94693,
				"z": 2.460
			},
			"rotation": {
				"x": -120.0,
				"y": 0.0,
				"z": 45.0
			}
		},
		{
			"id": -3,
			"f": 1.723977517161084,
			"principalPoint" : {
				"x": -0.009929722127604922,
				"y": 0.0020065650376243894
			},
			"distortion": {
				"k1": 0.35158504210531075,
				"k2": 0.14770211879091026,
				"k3": 0.0,
				"p1": 0.0,
				"p2": 0.0
			},
			"position": {
				"x": 0.0,
				"y": 1.95684,
				"z": 2.45832
			},
			"rotation": {
				"x": -134.0,
				"y": 0.0,
				"z": 180.0
			}
		}
	]
}