{
	"lenses": [
		{
			"distortion": {
				"k1": 0.5016279192725844,
				"k2": 0.24317056471310416,
				"k3": 0.6979413632659281
			},
			"f": 1.434491144109444,
			"id": 1,
			"label": "Wide_Default"
		},
		{
			"distortion": {
				"k1": 0.4706911101768158,
				"k2": 0.24759795091621045,
				"k3": 0.4448559992956475
			},
			"f": 1.749025984068786,
			"id": 2,
			"label": "Narrow_V1"
		}
	]
}